student_id,name,email,phone,dept,subject,teacher_email,advisor_email,held,attended
1,Student1,student1@example.com,+919900000001,CSE,DSA,teacher_cse@example.com,advisor_cse@example.com,35,34
1,Student1,student1@example.com,+919900000001,CSE,DBMS,teacher_cse@example.com,advisor_cse@example.com,31,28
2,Student2,student2@example.com,+919900000002,CSE,DSA,teacher_cse@example.com,advisor_cse@example.com,39,25
2,Student2,student2@example.com,+919900000002,CSE,DBMS,teacher_cse@example.com,advisor_cse@example.com,30,19
3,Student3,student3@example.com,+919900000003,CSE,DSA,teacher_cse@example.com,advisor_cse@example.com,33,21
3,Student3,student3@example.com,+919900000003,CSE,DBMS,teacher_cse@example.com,advisor_cse@example.com,39,26
4,Student4,student4@example.com,+919900000004,CSE,DSA,teacher_cse@example.com,advisor_cse@example.com,39,32
4,Student4,student4@example.com,+919900000004,CSE,DBMS,teacher_cse@example.com,advisor_cse@example.com,30,24
5,Student5,student5@example.com,+919900000005,CSE,DSA,teacher_cse@example.com,advisor_cse@example.com,36,24
5,Student5,student5@example.com,+919900000005,CSE,DBMS,teacher_cse@example.com,advisor_cse@example.com,38,35
6,Student6,student6@example.com,+919900000006,CSE,DSA,teacher_cse@example.com,advisor_cse@example.com,39,32
6,Student6,student6@example.com,+919900000006,CSE,DBMS,teacher_cse@example.com,advisor_cse@example.com,31,25
7,Student7,student7@example.com,+919900000007,CSE,DSA,teacher_cse@example.com,advisor_cse@example.com,39,27
7,Student7,student7@example.com,+919900000007,CSE,DBMS,teacher_cse@example.com,advisor_cse@example.com,36,32
8,Student8,student8@example.com,+919900000008,CSE,DSA,teacher_cse@example.com,advisor_cse@example.com,35,25
8,Student8,student8@example.com,+919900000008,CSE,DBMS,teacher_cse@example.com,advisor_cse@example.com,33,21
9,Student9,student9@example.com,+919900000009,ECE,Signals,teacher_ece@example.com,advisor_ece@example.com,37,35
9,Student9,student9@example.com,+919900000009,ECE,VLSI,teacher_ece@example.com,advisor_ece@example.com,34,28
10,Student10,student10@example.com,+919900000010,ECE,Signals,teacher_ece@example.com,advisor_ece@example.com,38,29
10,Student10,student10@example.com,+919900000010,ECE,VLSI,teacher_ece@example.com,advisor_ece@example.com,32,31
11,Student11,student11@example.com,+919900000011,ECE,Signals,teacher_ece@example.com,advisor_ece@example.com,40,25
11,Student11,student11@example.com,+919900000011,ECE,VLSI,teacher_ece@example.com,advisor_ece@example.com,35,30
12,Student12,student12@example.com,+919900000012,ECE,Signals,teacher_ece@example.com,advisor_ece@example.com,39,35
12,Student12,student12@example.com,+919900000012,ECE,VLSI,teacher_ece@example.com,advisor_ece@example.com,34,27
13,Student13,student13@example.com,+919900000013,ECE,Signals,teacher_ece@example.com,advisor_ece@example.com,30,26
13,Student13,student13@example.com,+919900000013,ECE,VLSI,teacher_ece@example.com,advisor_ece@example.com,34,30
14,Student14,student14@example.com,+919900000014,ECE,Signals,teacher_ece@example.com,advisor_ece@example.com,30,29
14,Student14,student14@example.com,+919900000014,ECE,VLSI,teacher_ece@example.com,advisor_ece@example.com,39,25
15,Student15,student15@example.com,+919900000015,ECE,Signals,teacher_ece@example.com,advisor_ece@example.com,34,22
15,Student15,student15@example.com,+919900000015,ECE,VLSI,teacher_ece@example.com,advisor_ece@example.com,36,34
16,Student16,student16@example.com,+919900000016,ECE,Signals,teacher_ece@example.com,advisor_ece@example.com,32,25
16,Student16,student16@example.com,+919900000016,ECE,VLSI,teacher_ece@example.com,advisor_ece@example.com,32,29
